{"cameraMode":{"drawMode":0,"name":"Shaded","section":"Shading Mode"},"sceneLighting":false,"audioPlay":false,"sceneViewState":{"showFog":true,"showMaterialUpdate":false,"showSkybox":true,"showFlares":true,"showImageEffects":true,"showParticleSystems":true},"in2DMode":false,"pivot":{"x":-1.4225168228149415,"y":3.6979598999023439,"z":2.364900588989258},"rotation":{"x":-0.16388459503650666,"y":-0.8008595705032349,"z":0.2537934184074402,"w":-0.5170935988426209},"size":19.194908142089845,"orthographic":false}